Module & Period,Course Code & Title,Course Type,Instructor,Class,Class Day & Time,Class Dates,Class Venue,Tutorial Group,Tutorial Dates and Time & Tutorial Venue,"Exam / Final project Date, Time and Venue",CourseCode & Subclass
"Module 1
Aug 30 to Oct 15, 2024","MSBA7001
Business Intelligence and
Analytics",Core,Prof. Chao Ding,A,"Monday & Thursday
9:30-12:30","Sep 2, 5, 9, 12, 16, 19, 23, 26, 30, 2024
Oct 3, 2024",CP: LT104,5.0,"Sep 5 14:00 - 16:00 Class D
Sep 12 18:00 - 20:00 LTB
Sep 20 14:00 - 16:00 Class D
Sep 26 18:00 - 20:00 LTB
Oct 3 14:00 - 16:00 LTA","Final exam Date: Oct 10, 2024 (Thurs)
Time: 19:00 - 21:00
Venues at CP: LT104, Classroom ABC, Classroom EFG,
Classroom H, A205-1&2",MSBA7001A
"Module 1
Aug 30 to Oct 15, 2024","MSBA7001
Business Intelligence and
Analytics",Core,Prof. Chao Ding,B,"Monday & Thursday
14:00-17:00","Sep 2, 5, 9, 12, 16, 19, 23, 26, 30, 2024
Oct 3, 2024",CP: LT104,5.0,"Sep 5 09:30 - 11:30 Class D
Sep 13 18:00 - 20:00 LT104
Sep 20 18:00 - 20:00 LT104
Sep 27 18:00 - 20:00 Class D
Oct 3 18:00 - 20:00 LTB","Final exam Date: Oct 10, 2024 (Thurs)
Time: 19:00 - 21:00
Venues at CP: LT104, Classroom ABC, Classroom EFG,
Classroom H, A205-1&2",MSBA7001B
"Module 1
Aug 30 to Oct 15, 2024","MSBA7001
Business Intelligence and
Analytics",Core,Prof. Chao Ding,C,"Wednesday & Saturday
9:30-12:30","Aug 31, 2024
Sep 4, 7, 11, 14, 21, 25, 28, 2024
Oct 2, 5, 2024",CP: LT104,5.0,"Sep 4 14:00 - 16:00 Class ABC
Sep 11 18:00 - 20:00 LTB
Sep 23 09:30 - 11:30 Class D
Sep 28 18:00 - 20:00 LTB
Oct 7 09:30 - 11:30 LTA","Final exam Date: Oct 10, 2024 (Thurs)
Time: 19:00 - 21:00
Venues at CP: LT104, Classroom ABC, Classroom EFG,
Classroom H, A205-1&2",MSBA7001C
"Module 1
Aug 30 to Oct 15, 2024","MSBA7001
Business Intelligence and
Analytics",Core,Prof. Chao Ding,D,"Wednesday & Saturday
14:00-17:00","Aug 31, 2024
Sep 4, 7, 11, 14, 21, 25, 28, 2024
Oct 2, 5, 2024",CP: LT104,5.0,"Sep 4 18:00 - 20:00 LTB
Sep 14 09:30 - 11:30 LTB
Sep 23 14:00 - 16:00 LTA
Sep 29 09:30 - 11:30 LTB
Oct 7 14:00 - 16:00 LTA","Final exam Date: Oct 10, 2024 (Thurs)
Time: 19:00 - 21:00
Venues at CP: LT104, Classroom ABC, Classroom EFG,
Classroom H, A205-1&2",MSBA7001D
"Module 1
Aug 30 to Oct 15, 2024","MSBA7003
Decision Analytics",Core,Prof. Wei Zhang,A,"Tuesday & Friday
9:30-12:30","Sep 3, 6, 8(Sun), 10, 13, 20, 24, 27, 2024
Oct 4, 8, 2024",CP: LTA,4.0,"Sep 7 10:00 - 11:30 LTB
Sep 14 14:00 - 15:30 Class AB
Sep 27 14:00 - 15:30 Class D
Oct 8 18:00 - 19:30 LT104","Final exam Date: Oct 14, 2024 (Mon)
Time: 14:30 - 16:30
Venues at CP: LT104, Classroom ABC, Classroom EFG,
Classroom H, A205-1&2",MSBA7003A
"Module 1
Aug 30 to Oct 15, 2024","MSBA7003
Decision Analytics",Core,Prof. Wei Zhang,B,"Tuesday & Friday
14:00-17:00","Sep 3, 6, 8(Sun), 10, 13, 20, 24, 27, 2024
Oct 4, 8, 2024",CP: LT104,4.0,"Sep 7 14:00 - 15:30 Class E
Sep 14 18:30 - 20:00 LT104
Sep 27 18:30 - 20:00 LT104
Oct 8 20:00 - 21:30 LT104","Final exam Date: Oct 14, 2024 (Mon)
Time: 14:30 - 16:30
Venues at CP: LT104, Classroom ABC, Classroom EFG,
Classroom H, A205-1&2",MSBA7003B
"Module 1
Aug 30 to Oct 15, 2024","MSBA7003
Decision Analytics",Core,Prof. Xing Hu,C,"Tuesday & Friday
9:30-12:30","Sep 3, 6, 8(Sun), 10, 13, 20, 24, 27, 2024
Oct 4, 8, 2024",CP: LT104,4.0,"Sep 7 10:00 - 11:30 Class E
Sep 14 14:00 - 15:30 Class E
Sep 28 14:00 - 15:30 Class E
Oct 9 16:30 - 18:00 Class D","Final exam Date: Oct 14, 2024 (Mon)
Time: 14:30 - 16:30
Venues at CP: LT104, Classroom ABC, Classroom EFG,
Classroom H, A205-1&2",MSBA7003C
"Module 1
Aug 30 to Oct 15, 2024","MSBA7003
Decision Analytics",Core,Prof. Xing Hu,D,"Tuesday & Friday
14:00-17:00","Sep 3, 6, 8(Sun), 10, 13, 20, 24, 27, 2024
Oct 4, 8, 2024",CP: LTA,4.0,"Sep 7 14:00 - 15:30 Class AB
Sep 14 15:30 - 17:00 Class E
Sep 28 15:30 - 17:00 Class E
Oct 9 18:30 - 20:00 LT104","Final exam Date: Oct 14, 2024 (Mon)
Time: 14:30 - 16:30
Venues at CP: LT104, Classroom ABC, Classroom EFG,
Classroom H, A205-1&2",MSBA7003D
"Module 2
Oct 16 to Nov 26, 2024","MSBA7002
Business Statistics",Core,"Prof. Zhanrui Cai
(First 5 lectures)
&
Prof. Weichen Wang
(Last 5 lectures)",A,"Monday & Thursday
9:30-12:30","Oct 17, 21, 24, 28, 31, 2024
Nov 4, 7, 11, 14, 18, 2024",CP: LT104,4.0,"Oct 25 18:00 - 20:00 LTA
Nov 1 18:00 - 20:00 LTA
Nov 12 18:00 - 20:00 LTA
Nov 20 14:00 - 16:00 LT104","Final exam Date: Nov 25, 2024 (Mon)
Time: 18:30 - 21:00
Venues at CP: LT104, Classroom ABC, Classroom EFG,
Classroom H, A205-1&2",MSBA7002A
"Module 2
Oct 16 to Nov 26, 2024","MSBA7002
Business Statistics",Core,"Prof. Zhanrui Cai
(First 5 lectures)
&
Prof. Weichen Wang
(Last 5 lectures)",B,"Monday & Thursday
14:00-17:00","Oct 17, 21, 24, 28, 31, 2024
Nov 4, 7, 11, 14, 18, 2024",CP: LT104,4.0,"Oct 25 18:00 - 20:00 LTA
Nov 1 18:00 - 20:00 LTA
Nov 12 18:00 - 20:00 LTA
Nov 20 14:00 - 16:00 LT104","Final exam Date: Nov 25, 2024 (Mon)
Time: 18:30 - 21:00
Venues at CP: LT104, Classroom ABC, Classroom EFG,
Classroom H, A205-1&2",MSBA7002B
"Module 2
Oct 16 to Nov 26, 2024","MSBA7002
Business Statistics",Core,"Prof. Zhanrui Cai
(First 5 lectures)
&
Prof. Weichen Wang
(Last 5 lectures)",C,"Wednesday & Saturday
14:00-17:00","Oct 16, 19, 23, 26, 30, 2024
Nov 2, 6, 9, 13, 16, 2024",CP: Classroom H,4.0,"Oct 24 18:00 - 20:00 LT104
Oct 31 18:00 - 20:00 LT104
Nov 11 18:00 - 20:00 LT104
Nov 20 10:00 - 12:00 LTA","Final exam Date: Nov 25, 2024 (Mon)
Time: 18:30 - 21:00
Venues at CP: LT104, Classroom ABC, Classroom EFG,
Classroom H, A205-1&2",MSBA7002C
"Module 2
Oct 16 to Nov 26, 2024","MSBA7002
Business Statistics",Core,"Prof. Zhanrui Cai
(First 5 lectures)
&
Prof. Weichen Wang
(Last 5 lectures)",D,"Wednesday & Saturday
18:30-21:30","Oct 16, 19, 23, 26, 30, 2024
Nov 2, 6, 9, 13, 16, 2024",CP: Classroom H,4.0,"Oct 24 18:00 - 20:00 LT104
Oct 31 18:00 - 20:00 LT104
Nov 11 18:00 - 20:00 LT104
Nov 20 10:00 - 12:00 LTA","Final exam Date: Nov 25, 2024 (Mon)
Time: 18:30 - 21:00
Venues at CP: LT104, Classroom ABC, Classroom EFG,
Classroom H, A205-1&2",MSBA7002D
"Module 2
Oct 16 to Nov 26, 2024","MSBA7004
Operations Analytics",Core,"Prof. Feng Tian
(First 5 lectures)
&
Prof. Huiyin Ouyang
(Last 5 lectures)",A,"Tuesday & Friday
18:30-21:30","Oct 18, 22, 25, 29, 2024
Nov 1, 5, 8, 12, 15, 19, 2024",CP: LT104,4.0,"Oct 26 09:30 - 12:30 LT104
Nov 2 09:30 - 12:30 LT104
Nov 13 09:30 - 12:30 LT104
Nov 20 09:30 - 12:30 LT104","Final exam Date: Nov 26, 2024 (Tues)
Time: 18:30 - 20:30
Venues at CP: LT104, Classroom ABC, Classroom EFG,
Classroom H, A205-1&2",MSBA7004A
"Module 2
Oct 16 to Nov 26, 2024","MSBA7004
Operations Analytics",Core,"Prof. Feng Tian
(First 5 lectures)
&
Prof. Huiyin Ouyang
(Last 5 lectures)",B,"Tuesday & Friday
14:00-17:00","Oct 18, 22, 25, 29, 2024
Nov 1, 5, 8, 12, 15, 19, 2024",CP: LT104,4.0,"Oct 25 09:30 - 12:30 LT104
Nov 1 09:30 - 12:30 LT104
Nov 12 09:30 - 12:30 LT104
Nov 19 09:30 - 12:30 LT104","Final exam Date: Nov 26, 2024 (Tues)
Time: 18:30 - 20:30
Venues at CP: LT104, Classroom ABC, Classroom EFG,
Classroom H, A205-1&2",MSBA7004B
"Module 2
Oct 16 to Nov 26, 2024","MSBA7004
Operations Analytics",Core,"Prof. Feng Tian
(First 5 lectures)
&
Prof. Huiyin Ouyang
(Last 5 lectures)",C,"Wednesday & Saturday
18:30-21:30","Oct 16, 19, 23, 26, 30, 2024
Nov 2, 6, 9, 13, 16, 2024","CP: LT104
(Nov 6 -
CP: Classroom FG)",4.0,"Oct 24 18:30 - 21:30 LTB
Oct 30 14:00 - 17:00 LTB
Nov 11 18:30 - 21:30 LTB
Nov 16 14:00 - 17:00 Class E (50 quota)","Final exam Date: Nov 26, 2024 (Tues)
Time: 18:30 - 20:30
Venues at CP: LT104, Classroom ABC, Classroom EFG,
Classroom H, A205-1&2",MSBA7004C
"Module 2
Oct 16 to Nov 26, 2024","MSBA7004
Operations Analytics",Core,"Prof. Feng Tian
(First 5 lectures)
&
Prof. Huiyin Ouyang
(Last 5 lectures)",D,"Wednesday & Saturday
14:00-17:00","Oct 16, 19, 23, 26, 30, 2024
Nov 2, 6, 9, 13, 16, 2024","CP: LT104
(Nov 6 -
CP: Classroom FG)",4.0,"Oct 23 09:30 - 12:30 LT104
Oct 30 09:30 - 12:30 LT104
Nov 09 09:30 - 12:30 LT104
Nov 16 09:30 - 12:30 LT104","Final exam Date: Nov 26, 2024 (Tues)
Time: 18:30 - 20:30
Venues at CP: LT104, Classroom ABC, Classroom EFG,
Classroom H, A205-1&2",MSBA7004D
