Module & Period,Course Code & Title,Course Type*,Instructor,Class,Class Day & Time,Class Dates,Class Venue*,"Tutorial
Group","Tutorial Dates and
Time",Tutorial Venue,"Exam / Final project Date, Time and Venue"
"Module 3
Nov 27, 2024 to Jan 19,
2025","MSBA7013
Forecasting and Predictive
Analytics","Elective
(AI-M)",Prof. Xinghao Qiao,A,"Monday & Thursday
9:30-12:30","Nov 28, 2024
Sep 2D, 5e,c 9 2, ,1 52,, 91,6 1, 21,9 1, 62,3 1, 92,6 2, 03204, 2024
JanO c2t, 36,, 290, 220425","CP: Classroom ABC
(Dec 19 - CP: Classroom J)","Dec 5 14:00 - 16:00 Classroom D
Dec 12 17:00 - 18:00 Classroom D
Dec 19 17:00 - 18:00 Classroom D
Jan 6 14:00 - 15:00 Classroom D
Jan 9 14:00 - 15:00 Classroom D",,,"Presentation: Jan 18, 2025 (Sat)
Time: 14:00 - 17:00
Venue: CP-LTA
Final exam Date: Oct 10, 2024 (Thurs)"
"Module 3
Nov 27, 2024 to Jan 19,
2025","MSBA7020
Accounting Analytics for
Managerial Decisions",Elective,Prof. Xin Wang,A,"Wednesday &
Saturday
9:30-12:30","Nov 27, 30, 2024
Dec 4, 7, 11, 14, 18, 2024
Jan 4, 8, 11, 2025","CP: LTB
(Dec 14 - CP: Classroom J)",NA,,,"Time: 19:00 - 21:00
Venues at CP: LT104, Classroom ABC, Classroom EFG,
Classroom H, A205-1&2
Final exam Date: Jan 18, 2025 (Sat)
Time: 10:00 - 12:00
Venues at CP: Classroom H, Classroom D"
"Module 3
Nov 27, 2024 to Jan 19,
2025","MSBA7021
Optimization and
Reinforcement Learning","Elective
(AI-M)",Prof. Wei Zhang,A,"Wednesday &
Saturday
14:00-17:00","Nov 27, 30, 2024
Dec 4, 7, 11, 14, 18, 2024
Jan 4, 8, 11, 2025","CP: LT104
(Nov 30, Dec 7 &11 - MC: KB223
Dec 14 - CP: Classroom EFG
Jan 8 - CP: Classroom J
Jan 11- CP: Classroom LTB)","Dec 11 18:30 - 21:30 LT104
Jan 11 18:30 - 21:30 LT104",,,"Presentation: Jan 15, 2025 (Weds)
Time: 9:30 - 12:30
Venue: CP-LT104"
"Module 3
Nov 27, 2024 to Jan 19,
2025","MSBA7024
Database Design and
Management
(equivalent to MACC7020)
*not open to students who have
taken or are taking MACC7020","Elective
(MC-AM)",Prof. Michael Chau,A,"Tuesday & Friday
9:30-12:30","Nov 29, 2024
Dec 3, 6, 10, 13, 20, 2024
Jan 3, 7, 10, 14, 2025","CP: LT104
(Dec 20: HKU Admiralty campus ATC-B2)",NA,,,"Final exam Date: Jan 19, 2025 (Sun)
Time: 14:00 - 17:00
Venues at CP: LT104, Classroom ABC, Classroom EFG,
Classroom D"
,,,,B,"Tuesday & Friday
14:00-17:00","Nov 29, 2024
Dec 3, 6, 10, 13, 20, 2024
Jan 3, 7, 10, 14, 2025","CP: Class D -
Nov 29, 2024
Dec 3, 10, 2024
Jan 3, 7, 2025
CP: LTB -
Dec 6, 13, 2024
Jan 10, 2025
CP: LT104 -
Jan 14, 2025
(Dec 20: HKU Admiralty campus ATC-B2)",,,,
,,,,C,"Tuesday & Friday
18:30-21:30","Nov 29, 2024
Dec 3, 6, 10, 13, 20, 2024
Jan 3, 7, 10, 14, 2025",CP: LT104,,,,
"Module 3
Nov 27, 2024 to Jan 19,
2025","MSBA7027
Machine Learning","Elective
(AI-M)
(MC-AM)",Prof. Zhengli Wang,A,"Monday & Thursday
9:30-12:30","Nov 28, 2024
Dec 2, 5, 9, 12, 16, 21, 2024
Jan 2, 6, 9, 2025","CP: LT104
(Dec 21 - CP: Classroom ABC 14:00-17:00 )","Dec 10 14:00 - 16:00 LTB
Dec 11 18:30 - 20:30 LTA
Jan 7 14:00 - 16:00 LTB
Jan 8 18:30 - 20:30 Class D",,,"Final exam Date: Jan 17, 2025 (Fri)
Time: 18:30 - 21:00
Venues at CP: LT104, Classroom ABC, Classroom EFG,
Classroom D"
,,,,B,"Monday & Thursday
14:00-17:00","Nov 28, 2024
Dec 2, 5, 9, 12, 16, 19, 2024
Jan 2, 6, 9, 2025","CP: LT104
(Dec 19 - CP: Classroom H)",,,,
,,,,C,"Wednesday &
Saturday
9:30-12:30","Nov 27, 30, 2024
Dec 4, 7, 11, 14, 18, 2024
Jan 4, 8, 11, 2025","CP: LT104
(Dec 14 - CP: Classroom FG)",,,,
"Module 3
Nov 27, 2024 to Jan 19,
2025","MSBA7030
Digital Innovation","Elective
(MC-DE)","Prof. Zhenhui Jack
Jiang",A,"Tuesday & Friday
9:30-12:30","Nov 29, 2024
Dec 3, 6, 10, 13, 20, 2024
Jan 3, 7, 10, 14, 2025","CP: LTA
(Dec 20 - CP: Classroom LTB 18:30-21:30)",NA,,,"Presentation: Jan 17, 2025 (Fri)
Time: 09:30 - 12:30
Venue: CP-LTA"
"Module 3
Nov 27, 2024 to Jan 19,
2025","MSBA7033
Generative Artificial
Intelligence","Elective
(AI-A)",Prof. Dawei Wang,A,"Monday & Thursday
18:30-21:30","Nov 28, 2024
Dec 2, 5, 9, 12, 16, 19, 2024
Jan 2, 6, 9, 2025",CP: LT104,NA,,,"Presentation: Jan 13, 2025 (Mon)
Time: 18:30 - 21:30
Venue: CP-LT104"
"Module 3
Nov 27, 2024 to Jan 19,
2025","MSBA7035
Applied Large Language
Models","Elective
(AI-A)",Prof. Hailiang Chen,A,"Tuesday & Friday
9:30-12:30","Nov 29, 2024
Dec 3, 6, 10, 13, 17, 2024
Jan 3, 7, 10, 14, 2025","CP: LTB
(Dec 17 - CP: LT104)",NA,,,"Presentation: Jan 17, 2025 (Fri)
Time: 9:30-12:30
Venue: CP-LT104"
"Module 4
Jan 20 to Mar 9, 2025","MSBA7012
Social Media and Digital
Marketing Analytics
(equivalent to MACC7022)
*not open to students who have
taken or are taking
MACC7022)","Elective
(MC-DE)",Prof. Hailiang Chen,A,"Tuesday & Friday
9:30-12:30","Sep 2, 5, 9, J1a2n, 1261,, 1294,, 2230,2 256, 30, 2024
Feb 4, 7, 11, O14c,t 138, ,2 2012,4 25, 28, 2025'",CP: Classroom H,NA,,,"Presentation: Mar 7, 2025 (Fri)
Time: 9:30-12:30
Venue: CP-Classroom H
Final exam Date: Oct 10, 2024 (Thurs)"
"Module 1
Aug 30 to Oct 15, 2024
Module 4
Jan 20 to Mar 9, 2025","MSBA7001
Business Intelligence and
MASnBaAly7ti0c1s6
Supply Chain and Logistics
Management","Core
Elective
(MC-DE)","Prof. Chao Ding
Prof. Benjamin Yen",A,"Wednesday &
Saturday
14:00-17:00","Jan 22, 25, 2025
Feb 5, 8, 12, 15, 19, 22, 26, 2025
Mar 1, 2025","CP: LT104
CP: Classroom ABC",NA,,,"Time: 19:00 - 21:00
Venues at CP: LT104, Classroom ABC, Classroom EFG,
PreseCnlatastsiroono:m M Har, A5,2 20052-15& (W2eds)
Time: 14:00-17:00
Venue: CP-LT104"
"Module 4
Jan 20 to Mar 9, 2025","MSBA7023
Geospatial and Business
Analytics","Elective
(MC-AM)",Prof. Zhixi Wan,A,"Tuesday & Friday
18:30-21:30","Jan 21, 24, 2025
Feb 4, 7, 11, 14, 18, 21, 25, 28, 2025",CP: Classroom H,NA,,,NA
"Module 4
Jan 20 to Mar 9, 2025","MSBA7025
Digital Experimentation
Methods","Elective
(MC-AM)",Prof. Jing Ouyang,A,"Monday & Thursday
9:30-12:30","Jan 20, 23, 2025
Feb 3, 6, 10, 13, 17, 20, 24, 27, 2025",CP: LT104,"Jan 25 17:00 - 19:00 LT104
Feb 12 17:00 - 19:00 LT104
Feb 22 17:00 - 19:00 LT104
Mar 1 17:00 - 19:00 LT104",,,"Presentation: Mar 3, 2025 (Mon)
Time: 09:30-12:30
Venue: CP-LT104"
,,,,B,"Wednesday &
Saturday
9:30-12:30","Jan 22, 25, 2025
Feb 5, 8, 12, 15, 19, 22, 26, 2025
Mar 1, 2025",,,,,"Presentation: Mar 5, 2025 (Weds)
Time: 09:30-12:30
Venue: CP-LT104"
"Module 4
Jan 20 to Mar 9, 2025","MSBA7028
Deep Learning","Elective
(AI-M)",Prof. Xiao Lei,A,"Tuesday & Friday
14:00-17:00","Jan 21, 24, 2025
Feb 4, 7, 11, 14, 18, 21, 25, 28, 2025",CP: LT104,To be announced,,,"Presentation: Mar 4, 2025 (Tues)
Time: 14:00-18:00
Venue: CP-LT104"
,,,,B,"Tuesday & Friday
18:30-21:30",,,,,,
"Module 4
Jan 20 to Mar 9, 2025","MSBA7032
Quantitative Trading","Elective
(AI-A)",Prof. Weichang Wang,A,"Monday & Thursday
18:30-21:30","Jan 20, 23, 2025
Feb 3, 6, 10, 13, 17, 20, 24, 27, 2025",CP: LT104,NA,,,"Presentation: Mar 3, 2025 (Mon)
Time: 18:30-21:30
Venue: CP-LT104"
"Module 4
Jan 20 to Mar 9, 2025","MSBA7033
Generative Artificial
Intelligence","Elective
(AI-A)",Prof. Dawei Wang,B,"Wednesday &
Saturday
14:00-17:00","Jan 22, 25, 2025
Feb 5, 8, 12, 15, 19, 22, 26, 2025
Mar 1, 2025",CP: LT104,NA,,,"Presentation: Mar 5, 2025 (Weds)
Time: 14:00-17:00
Venue: CP-Classroom ABC"
"Module 4
Jan 20 to Mar 9, 2025","MSBA7036
Ethics in Artificial Intelligence","Elective
(AI-A)","Prof. Rachel Sterken
&
Prof. Boris Babic",A,"Monday & Thursday
14:00-17:00","Jan 20, 23, 2025
Feb 3, 6, 10, 13, 17, 20, 24, 27, 2025",CP: LT104,"Feb 10 18:00 - 19:00 Classroom D
Feb 17 18:00 - 19:00 Classroom D
Feb 24 18:00 - 19:00 Classroom D",,,"Presentation: Mar 3, 2025 (Mon)
Time: 14:00-17:00
Venue: CP-LT104"
"Module 5
Mar 10 to Apr 23, 2025","MSBA7013
Forecasting and Predictive
Analytics","Elective
(AI)",Prof. Dan Yang,B,"Monday & Thursday
18:30-21:30","Mar 10, 13, 17, 20, 24, 27, 31, 2025
Sep 2, 5, 9A, 1p2r, 31,6 7, ,1 190, ,2 230, 2256, 30, 2024
Oct 3, 2024",CP: LT104,"Mar 17 16:00 - 17:00 Classroom D
Mar 24 16:00 - 17:00 Classroom D
Mar 31 16:00 - 17:00 Classroom D
Apr 7 16:00 - 17:00 Classroom D
Apr 14 16:00 - 17:00 Classroom D",,,Presentation
"Module 1
Aug 30M too dOuclte 1 55, 2024
Mar 10 to Apr 23, 2025","MMSSBBAA77000114
BuBsiunseisnse sIns tSeilmliguelnactieo nan d
Analytics
(equivalent to MSMK7028)
*not open to students who have
taken or are taking MSMK7028","Core
Elective
(MC-AM)","PProrof.f .C Shuanod Darinag
Natarajan
Panchanatham",A,"Sunday
9:30-17:00","Mar 16, 23, 30, 2025
Apr 6, 13, 2025","CP:: LT104
(Mar 23 - KKL: G109)",NA,,,"Final exam Date: Oct 10, 2024 (Thurs)
Time: 19:00 - 21:00
Venues at CPPr: eLsTen1t0a4ti,o Cnl:a Assprro o2m0, A20B2C5, (CSulans)sroom EFG,
ClaTssimroeo:m 0 9H:3, 0A-21025:3-10&2
Venue: CP-LT104"
"Module 5
Mar 10 to Apr 23, 2025","MSBA7017
Financial Engineering","Elective
(MC-DE)",Prof. Liao Wang,A,"Monday & Thursday
9:30-12:30","Mar 10, 13, 17, 22, 24, 27, 31, 2025
Apr 3, 7, 10, 2025","CP: LT104
(Mar 22:
18:30-21:30)",To be announced,,,"Final exam Date: Apr 16, 2025 (Weds)
Time: 14:00 - 17:00
Venue: CP-Classroom EFG"
,,,,B,"Monday & Thursday
14:00-17:00","Mar 10, 13, 17, 22, 24, 27, 31, 2025
Apr 3, 7, 10, 2025","CP: LT104
(Mar 22 - CP: Classroom J
14:00-17:00)",,,,
"Module 5
Mar 10 to Apr 23, 2025","MSBA7026
Big Data Analytics on the Cloud","Elective
(AI-A)",Prof. Zhepeng Li,A,"Tuesday & Friday
14:00-17:00","Mar 11, 14, 18, 22, 25, 28, 2025
Apr 1, 8, 11, 15, 2025","CP: LT104
(Mar 22 - CP: Classroom EFG
18:30-21:30)","Mar 19 14:00 - 15:30 LT104
Mar 29 14:00 - 15:30 LT104
Apr 9 14:00 - 15:30 LT104
Apr 16 14:00 - 15:30 LT104",,,Final project
,,,,B,"Tuesday & Friday
18:30-21:30","Mar 11, 14, 18, 21, 25, 28, 2025
Apr 1, 8, 11, 15, 2025",CP: LT104,,,,
"Module 5
Mar 10 to Apr 23, 2025","MSBA7029
Storytelling with Data","Elective
(MC-AM)",Prof. Xin Tong,A,"Tuesday & Friday
9:30-12:30","Mar 11, 14, 18, 21, 25, 28, 2025
Apr 1, 8, 11, 15, 2025","CP: LT104
(Mar 21 - CP: Classroom FG)",NA,,,"Presentation: Apr 22, 2025 (Tues)
Time: 09:30-12:30
Venue: CP-LT104"
"Module 5
Mar 10 to Apr 23, 2025","MSBA 7037
A/B Testing in Product
Management
(Equivalent to MSMK7034)
*not open to students who have
taken or are taking MSBA7025
or MSMK7034",Elective,Prof. Shan Huang,A,"Saturday & Sunday
9:30-18:00
(incl. 1 hr lunch break)","Mar 22-23, 2025
Apr 5-6, 2025","HKU Shenzhen
(Classroom: 501)",To be announced,,,Presentation
"Capstone Project
Feb to May, 2025","MSBA7005
Business Analytics Capstone",Core,Prof. Haipeng Shen,"A, B, C,
D","Student Briefing
Session",Further details to be announced,,NA,,,Presentation
,,,,,Clients' Presentations,,,,,,
,,,,,"Final Project
Presentatons",,,,,,
,,,,,"Final Report
Submissions Deadline",,,,,,
"Mini-Module
Apr 24 to May 6, 2025","MSBA 7034
International Field Trips",Elective,"Further details to be announced
This course is not open to candidates who have taken or are taking MACC7025, ECON6100, MFIN7057, PMGM7016 or MSMK7020",,,,,NA,,,
,"MSBA 7038
Professional Development
Programmes",,,,,,,,,,
,"MSBA 7039
Independent Study Projects",,,,,,,,,,
