Module & Period,Course Code & Title,Course Type,Instructor,Class,Class Day & Time,Class Dates,Class Venue,Tutorial Group,Tutorial Dates and Time & Tutorial Venue,"Exam / Final project Date, Time and Venue",CourseCode & Subclass
"Module 1
Aug 30 to Oct 15, 2024","MSBA7001
Business Intelligence and
Analytics",Core,Prof. Chao Ding,A,"Monday & Thursday
9:30-12:30","Sep 2, 5, 9, 12, 16, 19, 23, 26, 30, 2024
Oct 3, 2024",CP: LT104,5.0,"Sep 5 14:00 - 16:00 Class D
Sep 12 18:00 - 20:00 LTB
Sep 20 14:00 - 16:00 Class D
Sep 26 18:00 - 20:00 LTB
Oct 3 14:00 - 16:00 LTA","Final exam Date: Oct 10, 2024 (Thurs)
Time: 19:00 - 21:00
Venues at CP: LT104, Classroom ABC, Classroom EFG,
Classroom H, A205-1&2",MSBA7001A
"Module 1
Aug 30 to Oct 15, 2024","MSBA7001
Business Intelligence and
Analytics",Core,Prof. Chao Ding,B,"Monday & Thursday
14:00-17:00","Sep 2, 5, 9, 12, 16, 19, 23, 26, 30, 2024
Oct 3, 2024",CP: LT104,5.0,"Sep 5 09:30 - 11:30 Class D
Sep 13 18:00 - 20:00 LT104
Sep 20 18:00 - 20:00 LT104
Sep 27 18:00 - 20:00 Class D
Oct 3 18:00 - 20:00 LTB","Final exam Date: Oct 10, 2024 (Thurs)
Time: 19:00 - 21:00
Venues at CP: LT104, Classroom ABC, Classroom EFG,
Classroom H, A205-1&2",MSBA7001B
"Module 1
Aug 30 to Oct 15, 2024","MSBA7001
Business Intelligence and
Analytics",Core,Prof. Chao Ding,C,"Wednesday & Saturday
9:30-12:30","Aug 31, 2024
Sep 4, 7, 11, 14, 21, 25, 28, 2024
Oct 2, 5, 2024",CP: LT104,5.0,"Sep 4 14:00 - 16:00 Class ABC
Sep 11 18:00 - 20:00 LTB
Sep 23 09:30 - 11:30 Class D
Sep 28 18:00 - 20:00 LTB
Oct 7 09:30 - 11:30 LTA","Final exam Date: Oct 10, 2024 (Thurs)
Time: 19:00 - 21:00
Venues at CP: LT104, Classroom ABC, Classroom EFG,
Classroom H, A205-1&2",MSBA7001C
"Module 1
Aug 30 to Oct 15, 2024","MSBA7001
Business Intelligence and
Analytics",Core,Prof. Chao Ding,D,"Wednesday & Saturday
14:00-17:00","Aug 31, 2024
Sep 4, 7, 11, 14, 21, 25, 28, 2024
Oct 2, 5, 2024",CP: LT104,5.0,"Sep 4 18:00 - 20:00 LTB
Sep 14 09:30 - 11:30 LTB
Sep 23 14:00 - 16:00 LTA
Sep 29 09:30 - 11:30 LTB
Oct 7 14:00 - 16:00 LTA","Final exam Date: Oct 10, 2024 (Thurs)
Time: 19:00 - 21:00
Venues at CP: LT104, Classroom ABC, Classroom EFG,
Classroom H, A205-1&2",MSBA7001D
"Module 1
Aug 30 to Oct 15, 2024","MSBA7003
Decision Analytics",Core,Prof. Wei Zhang,A,"Tuesday & Friday
9:30-12:30","Sep 3, 6, 8(Sun), 10, 13, 20, 24, 27, 2024
Oct 4, 8, 2024",CP: LTA,4.0,"Sep 7 10:00 - 11:30 LTB
Sep 14 14:00 - 15:30 Class AB
Sep 27 14:00 - 15:30 Class D
Oct 8 18:00 - 19:30 LT104","Final exam Date: Oct 14, 2024 (Mon)
Time: 14:30 - 16:30
Venues at CP: LT104, Classroom ABC, Classroom EFG,
Classroom H, A205-1&2",MSBA7003A
"Module 1
Aug 30 to Oct 15, 2024","MSBA7003
Decision Analytics",Core,Prof. Wei Zhang,B,"Tuesday & Friday
14:00-17:00","Sep 3, 6, 8(Sun), 10, 13, 20, 24, 27, 2024
Oct 4, 8, 2024",CP: LT104,4.0,"Sep 7 14:00 - 15:30 Class E
Sep 14 18:30 - 20:00 LT104
Sep 27 18:30 - 20:00 LT104
Oct 8 20:00 - 21:30 LT104","Final exam Date: Oct 14, 2024 (Mon)
Time: 14:30 - 16:30
Venues at CP: LT104, Classroom ABC, Classroom EFG,
Classroom H, A205-1&2",MSBA7003B
"Module 1
Aug 30 to Oct 15, 2024","MSBA7003
Decision Analytics",Core,Prof. Xing Hu,C,"Tuesday & Friday
9:30-12:30","Sep 3, 6, 8(Sun), 10, 13, 20, 24, 27, 2024
Oct 4, 8, 2024",CP: LT104,4.0,"Sep 7 10:00 - 11:30 Class E
Sep 14 14:00 - 15:30 Class E
Sep 28 14:00 - 15:30 Class E
Oct 9 16:30 - 18:00 Class D","Final exam Date: Oct 14, 2024 (Mon)
Time: 14:30 - 16:30
Venues at CP: LT104, Classroom ABC, Classroom EFG,
Classroom H, A205-1&2",MSBA7003C
"Module 1
Aug 30 to Oct 15, 2024","MSBA7003
Decision Analytics",Core,Prof. Xing Hu,D,"Tuesday & Friday
14:00-17:00","Sep 3, 6, 8(Sun), 10, 13, 20, 24, 27, 2024
Oct 4, 8, 2024",CP: LTA,4.0,"Sep 7 14:00 - 15:30 Class AB
Sep 14 15:30 - 17:00 Class E
Sep 28 15:30 - 17:00 Class E
Oct 9 18:30 - 20:00 LT104","Final exam Date: Oct 14, 2024 (Mon)
Time: 14:30 - 16:30
Venues at CP: LT104, Classroom ABC, Classroom EFG,
Classroom H, A205-1&2",MSBA7003D
"Module 2
Oct 16 to Nov 26, 2024","MSBA7002
Business Statistics",Core,"Prof. Zhanrui Cai
(First 5 lectures)
&
Prof. Weichen Wang
(Last 5 lectures)",A,"Monday & Thursday
9:30-12:30","Oct 17, 21, 24, 28, 31, 2024
Nov 4, 7, 11, 14, 18, 2024",CP: LT104,4.0,"Oct 25 18:00 - 20:00 LTA
Nov 1 18:00 - 20:00 LTA
Nov 12 18:00 - 20:00 LTA
Nov 20 14:00 - 16:00 LT104","Final exam Date: Nov 25, 2024 (Mon)
Time: 18:30 - 21:00
Venues at CP: LT104, Classroom ABC, Classroom EFG,
Classroom H, A205-1&2",MSBA7002A
"Module 2
Oct 16 to Nov 26, 2024","MSBA7002
Business Statistics",Core,"Prof. Zhanrui Cai
(First 5 lectures)
&
Prof. Weichen Wang
(Last 5 lectures)",B,"Monday & Thursday
14:00-17:00","Oct 17, 21, 24, 28, 31, 2024
Nov 4, 7, 11, 14, 18, 2024",CP: LT104,4.0,"Oct 25 18:00 - 20:00 LTA
Nov 1 18:00 - 20:00 LTA
Nov 12 18:00 - 20:00 LTA
Nov 20 14:00 - 16:00 LT104","Final exam Date: Nov 25, 2024 (Mon)
Time: 18:30 - 21:00
Venues at CP: LT104, Classroom ABC, Classroom EFG,
Classroom H, A205-1&2",MSBA7002B
"Module 2
Oct 16 to Nov 26, 2024","MSBA7002
Business Statistics",Core,"Prof. Zhanrui Cai
(First 5 lectures)
&
Prof. Weichen Wang
(Last 5 lectures)",C,"Wednesday & Saturday
14:00-17:00","Oct 16, 19, 23, 26, 30, 2024
Nov 2, 6, 9, 13, 16, 2024",CP: Classroom H,4.0,"Oct 24 18:00 - 20:00 LT104
Oct 31 18:00 - 20:00 LT104
Nov 11 18:00 - 20:00 LT104
Nov 20 10:00 - 12:00 LTA","Final exam Date: Nov 25, 2024 (Mon)
Time: 18:30 - 21:00
Venues at CP: LT104, Classroom ABC, Classroom EFG,
Classroom H, A205-1&2",MSBA7002C
"Module 2
Oct 16 to Nov 26, 2024","MSBA7002
Business Statistics",Core,"Prof. Zhanrui Cai
(First 5 lectures)
&
Prof. Weichen Wang
(Last 5 lectures)",D,"Wednesday & Saturday
18:30-21:30","Oct 16, 19, 23, 26, 30, 2024
Nov 2, 6, 9, 13, 16, 2024",CP: Classroom H,4.0,"Oct 24 18:00 - 20:00 LT104
Oct 31 18:00 - 20:00 LT104
Nov 11 18:00 - 20:00 LT104
Nov 20 10:00 - 12:00 LTA","Final exam Date: Nov 25, 2024 (Mon)
Time: 18:30 - 21:00
Venues at CP: LT104, Classroom ABC, Classroom EFG,
Classroom H, A205-1&2",MSBA7002D
"Module 2
Oct 16 to Nov 26, 2024","MSBA7004
Operations Analytics",Core,"Prof. Feng Tian
(First 5 lectures)
&
Prof. Huiyin Ouyang
(Last 5 lectures)",A,"Tuesday & Friday
18:30-21:30","Oct 18, 22, 25, 29, 2024
Nov 1, 5, 8, 12, 15, 19, 2024",CP: LT104,4.0,"Oct 26 09:30 - 12:30 LT104
Nov 2 09:30 - 12:30 LT104
Nov 13 09:30 - 12:30 LT104
Nov 20 09:30 - 12:30 LT104","Final exam Date: Nov 26, 2024 (Tues)
Time: 18:30 - 20:30
Venues at CP: LT104, Classroom ABC, Classroom EFG,
Classroom H, A205-1&2",MSBA7004A
"Module 2
Oct 16 to Nov 26, 2024","MSBA7004
Operations Analytics",Core,"Prof. Feng Tian
(First 5 lectures)
&
Prof. Huiyin Ouyang
(Last 5 lectures)",B,"Tuesday & Friday
14:00-17:00","Oct 18, 22, 25, 29, 2024
Nov 1, 5, 8, 12, 15, 19, 2024",CP: LT104,4.0,"Oct 25 09:30 - 12:30 LT104
Nov 1 09:30 - 12:30 LT104
Nov 12 09:30 - 12:30 LT104
Nov 19 09:30 - 12:30 LT104","Final exam Date: Nov 26, 2024 (Tues)
Time: 18:30 - 20:30
Venues at CP: LT104, Classroom ABC, Classroom EFG,
Classroom H, A205-1&2",MSBA7004B
"Module 2
Oct 16 to Nov 26, 2024","MSBA7004
Operations Analytics",Core,"Prof. Feng Tian
(First 5 lectures)
&
Prof. Huiyin Ouyang
(Last 5 lectures)",C,"Wednesday & Saturday
18:30-21:30","Oct 16, 19, 23, 26, 30, 2024
Nov 2, 6, 9, 13, 16, 2024","CP: LT104
(Nov 6 -
CP: Classroom FG)",4.0,"Oct 24 18:30 - 21:30 LTB
Oct 30 14:00 - 17:00 LTB
Nov 11 18:30 - 21:30 LTB
Nov 16 14:00 - 17:00 Class E (50 quota)","Final exam Date: Nov 26, 2024 (Tues)
Time: 18:30 - 20:30
Venues at CP: LT104, Classroom ABC, Classroom EFG,
Classroom H, A205-1&2",MSBA7004C
"Module 2
Oct 16 to Nov 26, 2024","MSBA7004
Operations Analytics",Core,"Prof. Feng Tian
(First 5 lectures)
&
Prof. Huiyin Ouyang
(Last 5 lectures)",D,"Wednesday & Saturday
14:00-17:00","Oct 16, 19, 23, 26, 30, 2024
Nov 2, 6, 9, 13, 16, 2024","CP: LT104
(Nov 6 -
CP: Classroom FG)",4.0,"Oct 23 09:30 - 12:30 LT104
Oct 30 09:30 - 12:30 LT104
Nov 09 09:30 - 12:30 LT104
Nov 16 09:30 - 12:30 LT104","Final exam Date: Nov 26, 2024 (Tues)
Time: 18:30 - 20:30
Venues at CP: LT104, Classroom ABC, Classroom EFG,
Classroom H, A205-1&2",MSBA7004D
"Module 3
Nov 27, 2024 to Jan 19,
2025","MSBA7013
Forecasting and Predictive
Analytics","Elective
(AI-M)",Prof. Xinghao Qiao,A,"Monday & Thursday
9:30-12:30","Nov 28, 2024
Sep 2D, 5e,c 9 2, ,1 52,, 91,6 1, 21,9 1, 62,3 1, 92,6 2, 03204, 2024
JanO c2t, 36,, 290, 220425","CP: Classroom ABC
(Dec 19 - CP: Classroom J)",,"Dec 5 14:00 - 16:00 Classroom D
Dec 12 17:00 - 18:00 Classroom D
Dec 19 17:00 - 18:00 Classroom D
Jan 6 14:00 - 15:00 Classroom D
Jan 9 14:00 - 15:00 Classroom D","Presentation: Jan 18, 2025 (Sat)
Time: 14:00 - 17:00
Venue: CP-LTA
Final exam Date: Oct 10, 2024 (Thurs)",MSBA7013A
"Module 3
Nov 27, 2024 to Jan 19,
2025","MSBA7020
Accounting Analytics for
Managerial Decisions",Elective,Prof. Xin Wang,A,"Wednesday &
Saturday
9:30-12:30","Nov 27, 30, 2024
Dec 4, 7, 11, 14, 18, 2024
Jan 4, 8, 11, 2025","CP: LTB
(Dec 14 - CP: Classroom J)",,,"Time: 19:00 - 21:00
Venues at CP: LT104, Classroom ABC, Classroom EFG,
Classroom H, A205-1&2
Final exam Date: Jan 18, 2025 (Sat)
Time: 10:00 - 12:00
Venues at CP: Classroom H, Classroom D",MSBA7020A
"Module 3
Nov 27, 2024 to Jan 19,
2025","MSBA7021
Optimization and
Reinforcement Learning","Elective
(AI-M)",Prof. Wei Zhang,A,"Wednesday &
Saturday
14:00-17:00","Nov 27, 30, 2024
Dec 4, 7, 11, 14, 18, 2024
Jan 4, 8, 11, 2025","CP: LT104
(Nov 30, Dec 7 &11 - MC: KB223
Dec 14 - CP: Classroom EFG
Jan 8 - CP: Classroom J
Jan 11- CP: Classroom LTB)",,"Dec 11 18:30 - 21:30 LT104
Jan 11 18:30 - 21:30 LT104","Presentation: Jan 15, 2025 (Weds)
Time: 9:30 - 12:30
Venue: CP-LT104",MSBA7021A
"Module 3
Nov 27, 2024 to Jan 19,
2025","MSBA7024
Database Design and
Management
(equivalent to MACC7020)
*not open to students who have
taken or are taking MACC7020","Elective
(MC-AM)",Prof. Michael Chau,A,"Tuesday & Friday
9:30-12:30","Nov 29, 2024
Dec 3, 6, 10, 13, 20, 2024
Jan 3, 7, 10, 14, 2025","CP: LT104
(Dec 20: HKU Admiralty campus ATC-B2)",,,"Final exam Date: Jan 19, 2025 (Sun)
Time: 14:00 - 17:00
Venues at CP: LT104, Classroom ABC, Classroom EFG,
Classroom D",MSBA7024A
,"MSBA7024
Database Design and
Management
(equivalent to MACC7020)
*not open to students who have
taken or are taking MACC7020","Elective
(MC-AM)",Prof. Michael Chau,B,"Tuesday & Friday
14:00-17:00","Nov 29, 2024
Dec 3, 6, 10, 13, 20, 2024
Jan 3, 7, 10, 14, 2025","CP: Class D -
Nov 29, 2024
Dec 3, 10, 2024
Jan 3, 7, 2025
CP: LTB -
Dec 6, 13, 2024
Jan 10, 2025
CP: LT104 -
Jan 14, 2025
(Dec 20: HKU Admiralty campus ATC-B2)",,,"Final exam Date: Jan 19, 2025 (Sun)
Time: 14:00 - 17:00
Venues at CP: LT104, Classroom ABC, Classroom EFG,
Classroom D",MSBA7024B
,"MSBA7024
Database Design and
Management
(equivalent to MACC7020)
*not open to students who have
taken or are taking MACC7020","Elective
(MC-AM)",Prof. Michael Chau,C,"Tuesday & Friday
18:30-21:30","Nov 29, 2024
Dec 3, 6, 10, 13, 20, 2024
Jan 3, 7, 10, 14, 2025",CP: LT104,,,"Final exam Date: Jan 19, 2025 (Sun)
Time: 14:00 - 17:00
Venues at CP: LT104, Classroom ABC, Classroom EFG,
Classroom D",MSBA7024C
"Module 3
Nov 27, 2024 to Jan 19,
2025","MSBA7027
Machine Learning","Elective
(AI-M)
(MC-AM)",Prof. Zhengli Wang,A,"Monday & Thursday
9:30-12:30","Nov 28, 2024
Dec 2, 5, 9, 12, 16, 21, 2024
Jan 2, 6, 9, 2025","CP: LT104
(Dec 21 - CP: Classroom ABC 14:00-17:00 )",,"Dec 10 14:00 - 16:00 LTB
Dec 11 18:30 - 20:30 LTA
Jan 7 14:00 - 16:00 LTB
Jan 8 18:30 - 20:30 Class D","Final exam Date: Jan 17, 2025 (Fri)
Time: 18:30 - 21:00
Venues at CP: LT104, Classroom ABC, Classroom EFG,
Classroom D",MSBA7027A
,"MSBA7027
Machine Learning","Elective
(AI-M)
(MC-AM)",Prof. Zhengli Wang,B,"Monday & Thursday
14:00-17:00","Nov 28, 2024
Dec 2, 5, 9, 12, 16, 19, 2024
Jan 2, 6, 9, 2025","CP: LT104
(Dec 19 - CP: Classroom H)",,,"Final exam Date: Jan 17, 2025 (Fri)
Time: 18:30 - 21:00
Venues at CP: LT104, Classroom ABC, Classroom EFG,
Classroom D",MSBA7027B
,"MSBA7027
Machine Learning","Elective
(AI-M)
(MC-AM)",Prof. Zhengli Wang,C,"Wednesday &
Saturday
9:30-12:30","Nov 27, 30, 2024
Dec 4, 7, 11, 14, 18, 2024
Jan 4, 8, 11, 2025","CP: LT104
(Dec 14 - CP: Classroom FG)",,,"Final exam Date: Jan 17, 2025 (Fri)
Time: 18:30 - 21:00
Venues at CP: LT104, Classroom ABC, Classroom EFG,
Classroom D",MSBA7027C
"Module 3
Nov 27, 2024 to Jan 19,
2025","MSBA7030
Digital Innovation","Elective
(MC-DE)","Prof. Zhenhui Jack
Jiang",A,"Tuesday & Friday
9:30-12:30","Nov 29, 2024
Dec 3, 6, 10, 13, 20, 2024
Jan 3, 7, 10, 14, 2025","CP: LTA
(Dec 20 - CP: Classroom LTB 18:30-21:30)",,,"Presentation: Jan 17, 2025 (Fri)
Time: 09:30 - 12:30
Venue: CP-LTA",MSBA7030A
"Module 3
Nov 27, 2024 to Jan 19,
2025","MSBA7033
Generative Artificial
Intelligence","Elective
(AI-A)",Prof. Dawei Wang,A,"Monday & Thursday
18:30-21:30","Nov 28, 2024
Dec 2, 5, 9, 12, 16, 19, 2024
Jan 2, 6, 9, 2025",CP: LT104,,,"Presentation: Jan 13, 2025 (Mon)
Time: 18:30 - 21:30
Venue: CP-LT104",MSBA7033A
"Module 3
Nov 27, 2024 to Jan 19,
2025","MSBA7035
Applied Large Language
Models","Elective
(AI-A)",Prof. Hailiang Chen,A,"Tuesday & Friday
9:30-12:30","Nov 29, 2024
Dec 3, 6, 10, 13, 17, 2024
Jan 3, 7, 10, 14, 2025","CP: LTB
(Dec 17 - CP: LT104)",,,"Presentation: Jan 17, 2025 (Fri)
Time: 9:30-12:30
Venue: CP-LT104",MSBA7035A
"Module 4
Jan 20 to Mar 9, 2025","MSBA7012
Social Media and Digital
Marketing Analytics
(equivalent to MACC7022)
*not open to students who have
taken or are taking
MACC7022)","Elective
(MC-DE)",Prof. Hailiang Chen,A,"Tuesday & Friday
9:30-12:30","Sep 2, 5, 9, J1a2n, 1261,, 1294,, 2230,2 256, 30, 2024
Feb 4, 7, 11, O14c,t 138, ,2 2012,4 25, 28, 2025'",CP: Classroom H,,,"Presentation: Mar 7, 2025 (Fri)
Time: 9:30-12:30
Venue: CP-Classroom H
Final exam Date: Oct 10, 2024 (Thurs)",MSBA7012A
"Module 1
Aug 30 to Oct 15, 2024
Module 4
Jan 20 to Mar 9, 2025","MSBA7001
Business Intelligence and
MASnBaAly7ti0c1s6
Supply Chain and Logistics
Management","Core
Elective
(MC-DE)","Prof. Chao Ding
Prof. Benjamin Yen",A,"Wednesday &
Saturday
14:00-17:00","Jan 22, 25, 2025
Feb 5, 8, 12, 15, 19, 22, 26, 2025
Mar 1, 2025","CP: LT104
CP: Classroom ABC",,,"Time: 19:00 - 21:00
Venues at CP: LT104, Classroom ABC, Classroom EFG,
PreseCnlatastsiroono:m M Har, A5,2 20052-15& (W2eds)
Time: 14:00-17:00
Venue: CP-LT104",MSBA7001A
"Module 4
Jan 20 to Mar 9, 2025","MSBA7023
Geospatial and Business
Analytics","Elective
(MC-AM)",Prof. Zhixi Wan,A,"Tuesday & Friday
18:30-21:30","Jan 21, 24, 2025
Feb 4, 7, 11, 14, 18, 21, 25, 28, 2025",CP: Classroom H,,,"Time: 19:00 - 21:00
Venues at CP: LT104, Classroom ABC, Classroom EFG,
PreseCnlatastsiroono:m M Har, A5,2 20052-15& (W2eds)
Time: 14:00-17:00
Venue: CP-LT104",MSBA7023A
"Module 4
Jan 20 to Mar 9, 2025","MSBA7025
Digital Experimentation
Methods","Elective
(MC-AM)",Prof. Jing Ouyang,A,"Monday & Thursday
9:30-12:30","Jan 20, 23, 2025
Feb 3, 6, 10, 13, 17, 20, 24, 27, 2025",CP: LT104,,"Jan 25 17:00 - 19:00 LT104
Feb 12 17:00 - 19:00 LT104
Feb 22 17:00 - 19:00 LT104
Mar 1 17:00 - 19:00 LT104","Presentation: Mar 3, 2025 (Mon)
Time: 09:30-12:30
Venue: CP-LT104",MSBA7025A
,"MSBA7025
Digital Experimentation
Methods","Elective
(MC-AM)",Prof. Jing Ouyang,B,"Wednesday &
Saturday
9:30-12:30","Jan 22, 25, 2025
Feb 5, 8, 12, 15, 19, 22, 26, 2025
Mar 1, 2025",,,,"Presentation: Mar 5, 2025 (Weds)
Time: 09:30-12:30
Venue: CP-LT104",MSBA7025B
"Module 4
Jan 20 to Mar 9, 2025","MSBA7028
Deep Learning","Elective
(AI-M)",Prof. Xiao Lei,A,"Tuesday & Friday
14:00-17:00","Jan 21, 24, 2025
Feb 4, 7, 11, 14, 18, 21, 25, 28, 2025",CP: LT104,,To be announced,"Presentation: Mar 4, 2025 (Tues)
Time: 14:00-18:00
Venue: CP-LT104",MSBA7028A
,"MSBA7028
Deep Learning","Elective
(AI-M)",Prof. Xiao Lei,B,"Tuesday & Friday
18:30-21:30",,,,,"Presentation: Mar 4, 2025 (Tues)
Time: 14:00-18:00
Venue: CP-LT104",MSBA7028B
"Module 4
Jan 20 to Mar 9, 2025","MSBA7032
Quantitative Trading","Elective
(AI-A)",Prof. Weichang Wang,A,"Monday & Thursday
18:30-21:30","Jan 20, 23, 2025
Feb 3, 6, 10, 13, 17, 20, 24, 27, 2025",CP: LT104,,,"Presentation: Mar 3, 2025 (Mon)
Time: 18:30-21:30
Venue: CP-LT104",MSBA7032A
"Module 4
Jan 20 to Mar 9, 2025","MSBA7033
Generative Artificial
Intelligence","Elective
(AI-A)",Prof. Dawei Wang,B,"Wednesday &
Saturday
14:00-17:00","Jan 22, 25, 2025
Feb 5, 8, 12, 15, 19, 22, 26, 2025
Mar 1, 2025",CP: LT104,,,"Presentation: Mar 5, 2025 (Weds)
Time: 14:00-17:00
Venue: CP-Classroom ABC",MSBA7033B
"Module 4
Jan 20 to Mar 9, 2025","MSBA7036
Ethics in Artificial Intelligence","Elective
(AI-A)","Prof. Rachel Sterken
&
Prof. Boris Babic",A,"Monday & Thursday
14:00-17:00","Jan 20, 23, 2025
Feb 3, 6, 10, 13, 17, 20, 24, 27, 2025",CP: LT104,,"Feb 10 18:00 - 19:00 Classroom D
Feb 17 18:00 - 19:00 Classroom D
Feb 24 18:00 - 19:00 Classroom D","Presentation: Mar 3, 2025 (Mon)
Time: 14:00-17:00
Venue: CP-LT104",MSBA7036A
"Module 5
Mar 10 to Apr 23, 2025","MSBA7013
Forecasting and Predictive
Analytics","Elective
(AI)",Prof. Dan Yang,B,"Monday & Thursday
18:30-21:30","Mar 10, 13, 17, 20, 24, 27, 31, 2025
Sep 2, 5, 9A, 1p2r, 31,6 7, ,1 190, ,2 230, 2256, 30, 2024
Oct 3, 2024",CP: LT104,,"Mar 17 16:00 - 17:00 Classroom D
Mar 24 16:00 - 17:00 Classroom D
Mar 31 16:00 - 17:00 Classroom D
Apr 7 16:00 - 17:00 Classroom D
Apr 14 16:00 - 17:00 Classroom D",Presentation,MSBA7013B
"Module 1
Aug 30M too dOuclte 1 55, 2024
Mar 10 to Apr 23, 2025","MMSSBBAA77000114
BuBsiunseisnse sIns tSeilmliguelnactieo nan d
Analytics
(equivalent to MSMK7028)
*not open to students who have
taken or are taking MSMK7028","Core
Elective
(MC-AM)","PProrof.f .C Shuanod Darinag
Natarajan
Panchanatham",A,"Sunday
9:30-17:00","Mar 16, 23, 30, 2025
Apr 6, 13, 2025","CP:: LT104
(Mar 23 - KKL: G109)",,,"Final exam Date: Oct 10, 2024 (Thurs)
Time: 19:00 - 21:00
Venues at CPPr: eLsTen1t0a4ti,o Cnl:a Assprro o2m0, A20B2C5, (CSulans)sroom EFG,
ClaTssimroeo:m 0 9H:3, 0A-21025:3-10&2
Venue: CP-LT104",MMSSBBAA77000114A
"Module 5
Mar 10 to Apr 23, 2025","MSBA7017
Financial Engineering","Elective
(MC-DE)",Prof. Liao Wang,A,"Monday & Thursday
9:30-12:30","Mar 10, 13, 17, 22, 24, 27, 31, 2025
Apr 3, 7, 10, 2025","CP: LT104
(Mar 22:
18:30-21:30)",,To be announced,"Final exam Date: Apr 16, 2025 (Weds)
Time: 14:00 - 17:00
Venue: CP-Classroom EFG",MSBA7017A
,"MSBA7017
Financial Engineering","Elective
(MC-DE)",Prof. Liao Wang,B,"Monday & Thursday
14:00-17:00","Mar 10, 13, 17, 22, 24, 27, 31, 2025
Apr 3, 7, 10, 2025","CP: LT104
(Mar 22 - CP: Classroom J
14:00-17:00)",,,"Final exam Date: Apr 16, 2025 (Weds)
Time: 14:00 - 17:00
Venue: CP-Classroom EFG",MSBA7017B
"Module 5
Mar 10 to Apr 23, 2025","MSBA7026
Big Data Analytics on the Cloud","Elective
(AI-A)",Prof. Zhepeng Li,A,"Tuesday & Friday
14:00-17:00","Mar 11, 14, 18, 22, 25, 28, 2025
Apr 1, 8, 11, 15, 2025","CP: LT104
(Mar 22 - CP: Classroom EFG
18:30-21:30)",,"Mar 19 14:00 - 15:30 LT104
Mar 29 14:00 - 15:30 LT104
Apr 9 14:00 - 15:30 LT104
Apr 16 14:00 - 15:30 LT104",Final project,MSBA7026A
,"MSBA7026
Big Data Analytics on the Cloud","Elective
(AI-A)",Prof. Zhepeng Li,B,"Tuesday & Friday
18:30-21:30","Mar 11, 14, 18, 21, 25, 28, 2025
Apr 1, 8, 11, 15, 2025",CP: LT104,,,Final project,MSBA7026B
"Module 5
Mar 10 to Apr 23, 2025","MSBA7029
Storytelling with Data","Elective
(MC-AM)",Prof. Xin Tong,A,"Tuesday & Friday
9:30-12:30","Mar 11, 14, 18, 21, 25, 28, 2025
Apr 1, 8, 11, 15, 2025","CP: LT104
(Mar 21 - CP: Classroom FG)",,,"Presentation: Apr 22, 2025 (Tues)
Time: 09:30-12:30
Venue: CP-LT104",MSBA7029A
"Module 5
Mar 10 to Apr 23, 2025","MSBA 7037
A/B Testing in Product
Management
(Equivalent to MSMK7034)
*not open to students who have
taken or are taking MSBA7025
or MSMK7034",Elective,Prof. Shan Huang,A,"Saturday & Sunday
9:30-18:00
(incl. 1 hr lunch break)","Mar 22-23, 2025
Apr 5-6, 2025","HKU Shenzhen
(Classroom: 501)",,To be announced,Presentation,MSBA 7037A
"Capstone Project
Feb to May, 2025","MSBA7005
Business Analytics Capstone",Core,Prof. Haipeng Shen,"A, B, C,
D","Student Briefing
Session",Further details to be announced,,,,Presentation,"MSBA7005A, B, C,
D"
,"MSBA7005
Business Analytics Capstone",Core,Prof. Haipeng Shen,,Clients' Presentations,,,,,Presentation,
,"MSBA7005
Business Analytics Capstone",Core,Prof. Haipeng Shen,,"Final Project
Presentatons",,,,,Presentation,
,"MSBA7005
Business Analytics Capstone",Core,Prof. Haipeng Shen,,"Final Report
Submissions Deadline",,,,,Presentation,
"Mini-Module
Apr 24 to May 6, 2025","MSBA 7034
International Field Trips",Elective,"Further details to be announced
This course is not open to candidates who have taken or are taking MACC7025, ECON6100, MFIN7057, PMGM7016 or MSMK7020",,,,,,,Presentation,
,"MSBA 7038
Professional Development
Programmes",Elective,"Further details to be announced
This course is not open to candidates who have taken or are taking MACC7025, ECON6100, MFIN7057, PMGM7016 or MSMK7020",,,,,,,Presentation,
,"MSBA 7039
Independent Study Projects",Elective,"Further details to be announced
This course is not open to candidates who have taken or are taking MACC7025, ECON6100, MFIN7057, PMGM7016 or MSMK7020",,,,,,,Presentation,
